<marytts-install xmlns="http://mary.dfki.de/installer">
  <language locale="fr" name="fr" version="${project.version}">
    <description>fr language component</description>
    <license href="http://www.gnu.org/licenses/lgpl-3.0-standalone.html"/>
    <package filename="marytts-lang-fr-${project.version}.zip" md5sum="dummy" size="0">
      <location href="http://mary.dfki.de/download/${project.version}/"/>
    </package>
    <files>lib/marytts-lang-fr-${project.version}.jar</files>
  </language>
</marytts-install>